fluxo,tipo_transacao,titulo,nome_beneficiario,valor,Valor Total de Entrada,Valor Total de Saída,Total Prejuizo
Saída,Conta Bancária/pix,Conta de Água,Integrarte,54.0,95.0,969.0,874.0
Entrada,Conta Bancária/pix,Mensalidade,PP,32.0,95.0,969.0,874.0
Saída,Conta Bancária/pix,k,Integrarte,456.0,95.0,969.0,874.0
Saída,Conta Bancária/pix,Pagamento Professores,Integrarte,153.0,95.0,969.0,874.0
Saída,Conta Bancária/pix,516,Integrarte,153.0,95.0,969.0,874.0
Saída,Conta Bancária/pix,Internet,Integrarte,153.0,95.0,969.0,874.0
Entrada,Conta Bancária/pix,Mensalidade,alberto ,51.0,95.0,969.0,874.0
Entrada,Conta Bancária/pix,Mensalidade,Crisom,12.0,95.0,969.0,874.0
