fluxo,tipo_transacao,titulo,nome_beneficiario,valor
Entrada,Dinheiro,Doação,pereira,1000.0
Entrada,Conta Bancária/pix,Doação,36985274112,4654.0
Entrada,Dinheiro,Doação,3698527411,99.0
Entrada,Conta Bancária/pix,Doação,asdfa,444.0
Entrada,Conta Bancária/pix,Doação,36985274112,444.0
Entrada,Conta Bancária/pix,Doação,3698527411,4343.0
Entrada,Conta Bancária/pix,Doação,111212312,232.0
Entrada,Conta Bancária/pix,Doação,11121231,98.0
Entrada,Conta Bancária/pix,Doação,11121231,544.0
Entrada,Conta Bancária/pix,Doação,11121231,456.0
Entrada,Conta Bancária/pix,Doação,11121231,53453.0
Entrada,Conta Bancária/pix,Doação,11121231,343.0
Entrada,Conta Bancária/pix,Doação,111212312,654657.0
Entrada,Conta Bancária/pix,Doação,111212312,345.0
Entrada,Conta Bancária/pix,Doação,111212312,34.0
Entrada,Conta Bancária/pix,Doação,111212312,543.0
Entrada,Conta Bancária/pix,Doação,111212312,343.0
Entrada,Conta Bancária/pix,Doação,111212312,456456.0
Entrada,Conta Bancária/pix,Doação,111212312,3242.0
Entrada,Conta Bancária/pix,Família,111212312,4553.0
Entrada,Conta Bancária/pix,Família,111212312,52342.0
Entrada,Conta Bancária/pix,Família,111212312,454.0
Entrada,Conta Bancária/pix,Família,111212312,343.0
